{"cameraMode":{"drawMode":0,"name":"Shaded","section":"Shading Mode"},"sceneLighting":true,"audioPlay":false,"sceneViewState":{"showFog":true,"showMaterialUpdate":false,"showSkybox":true,"showFlares":true,"showImageEffects":true,"showParticleSystems":true},"in2DMode":false,"pivot":{"x":-4.571268081665039,"y":1.063069462776184,"z":90.81560516357422},"rotation":{"x":-0.01321482751518488,"y":0.5776211619377136,"z":0.009352638386189938,"w":0.8161444664001465},"size":8.674315452575684,"orthographic":false}